-- MySQL dump 10.13  Distrib 8.0.21, for Win64 (x86_64)
--
-- Host: localhost    Database: test
-- ------------------------------------------------------
-- Server version	8.0.21

/*!40101 SET @OLD_CHARACTER_SET_CLIENT=@@CHARACTER_SET_CLIENT */;
/*!40101 SET @OLD_CHARACTER_SET_RESULTS=@@CHARACTER_SET_RESULTS */;
/*!40101 SET @OLD_COLLATION_CONNECTION=@@COLLATION_CONNECTION */;
/*!50503 SET NAMES utf8mb4 */;
/*!40103 SET @OLD_TIME_ZONE=@@TIME_ZONE */;
/*!40103 SET TIME_ZONE='+00:00' */;
/*!40014 SET @OLD_UNIQUE_CHECKS=@@UNIQUE_CHECKS, UNIQUE_CHECKS=0 */;
/*!40014 SET @OLD_FOREIGN_KEY_CHECKS=@@FOREIGN_KEY_CHECKS, FOREIGN_KEY_CHECKS=0 */;
/*!40101 SET @OLD_SQL_MODE=@@SQL_MODE, SQL_MODE='NO_AUTO_VALUE_ON_ZERO' */;
/*!40111 SET @OLD_SQL_NOTES=@@SQL_NOTES, SQL_NOTES=0 */;

--
-- Table structure for table `kao`
--

DROP TABLE IF EXISTS `kao`;
/*!40101 SET @saved_cs_client     = @@character_set_client */;
/*!50503 SET character_set_client = utf8mb4 */;
CREATE TABLE `kao` (
  `kao_name` varchar(255) NOT NULL,
  `kao_date` varchar(255) NOT NULL
) ENGINE=InnoDB DEFAULT CHARSET=utf8mb4 COLLATE=utf8mb4_0900_ai_ci;
/*!40101 SET character_set_client = @saved_cs_client */;

--
-- Dumping data for table `kao`
--

LOCK TABLES `kao` WRITE;
/*!40000 ALTER TABLE `kao` DISABLE KEYS */;
INSERT INTO `kao` VALUES ('工信部offic证书','2020-11-25'),('软件工程师（mcbr）','2020-11-30'),('java程序员（sun）','2020-12-10'),('前端开发工程师','2020-12-10');
/*!40000 ALTER TABLE `kao` ENABLE KEYS */;
UNLOCK TABLES;

--
-- Table structure for table `score`
--

DROP TABLE IF EXISTS `score`;
/*!40101 SET @saved_cs_client     = @@character_set_client */;
/*!50503 SET character_set_client = utf8mb4 */;
CREATE TABLE `score` (
  `sid` int NOT NULL,
  `kao_name` varchar(255) DEFAULT NULL,
  `score` varchar(255) DEFAULT NULL,
  KEY `sid` (`sid`),
  CONSTRAINT `score_ibfk_1` FOREIGN KEY (`sid`) REFERENCES `student` (`id`)
) ENGINE=InnoDB DEFAULT CHARSET=utf8mb4 COLLATE=utf8mb4_0900_ai_ci;
/*!40101 SET character_set_client = @saved_cs_client */;

--
-- Dumping data for table `score`
--

LOCK TABLES `score` WRITE;
/*!40000 ALTER TABLE `score` DISABLE KEYS */;
INSERT INTO `score` VALUES (1,'web前端实训','5'),(1,'java基础程序设计','3'),(1,'Java高级程序设计','5'),(2,'web前端实训','1'),(2,'Java基础程序设计','3'),(2,'Java高级程序设计','5'),(2,'Javaweb','4'),(4,'web前端实训','3'),(6,'web前端实训','3'),(7,'web前端实训','3'),(8,'web前端实训','3'),(10,'web前端实训','3'),(15,'web前端实训','3'),(16,'web前端实训','3'),(17,'web前端实训','3'),(18,'web前端实训','3'),(19,'web前端实训','3'),(20,'web前端实训','3'),(21,'web前端实训','3'),(22,'web前端实训','3'),(23,'web前端实训','3'),(24,'web前端实训','3'),(25,'web前端实训','3'),(26,'web前端实训','3'),(27,'web前端实训','3'),(28,'web前端实训','3'),(29,'web前端实训','3'),(30,'web前端实训','3'),(31,'web前端实训','3'),(32,'web前端实训','3'),(33,'web前端实训','3'),(34,'web前端实训','3'),(35,'web前端实训','3'),(36,'web前端实训','3'),(37,'web前端实训','3'),(38,'web前端实训','3'),(39,'web前端实训','3'),(40,'web前端实训','3'),(41,'web前端实训','3'),(42,'web前端实训','3'),(43,'web前端实训','3'),(44,'web前端实训','3'),(45,'web前端实训','3'),(46,'web前端实训','3'),(47,'web前端实训','3'),(48,'web前端实训','3'),(49,'web前端实训','3'),(50,'web前端实训','3'),(51,'web前端实训','3'),(52,'web前端实训','3'),(53,'web前端实训','3'),(54,'web前端实训','3'),(55,'web前端实训','3'),(56,'web前端实训','3'),(57,'web前端实训','3'),(58,'web前端实训','3'),(59,'web前端实训','3'),(60,'web前端实训','3'),(61,'web前端实训','3'),(62,'web前端实训','3'),(63,'web前端实训','3'),(64,'web前端实训','3'),(65,'web前端实训','3'),(66,'web前端实训','3'),(67,'web前端实训','3'),(68,'web前端实训','3'),(69,'web前端实训','3'),(70,'web前端实训','3'),(71,'web前端实训','3'),(72,'web前端实训','3'),(73,'web前端实训','3'),(74,'web前端实训','3'),(75,'web前端实训','3'),(76,'web前端实训','3'),(77,'web前端实训','3'),(78,'web前端实训','3'),(79,'web前端实训','3'),(80,'web前端实训','3'),(81,'web前端实训','3'),(82,'web前端实训','3'),(83,'web前端实训','3'),(84,'web前端实训','3'),(85,'web前端实训','3'),(86,'web前端实训','3'),(87,'web前端实训','3'),(88,'web前端实训','3'),(89,'web前端实训','3'),(90,'web前端实训','3'),(91,'web前端实训','3'),(92,'web前端实训','3'),(93,'web前端实训','3'),(94,'web前端实训','3'),(95,'web前端实训','3'),(96,'web前端实训','3'),(97,'web前端实训','3'),(98,'web前端实训','3'),(99,'web前端实训','3'),(100,'web前端实训','3'),(101,'web前端实训','3'),(102,'web前端实训','3'),(103,'web前端实训','3'),(104,'web前端实训','3'),(105,'web前端实训','3'),(106,'web前端实训','3'),(107,'web前端实训','3'),(108,'web前端实训','3'),(109,'web前端实训','3'),(110,'web前端实训','3'),(111,'web前端实训','3'),(112,'web前端实训','3'),(113,'web前端实训','3'),(114,'web前端实训','3'),(115,'web前端实训','3'),(116,'web前端实训','3'),(117,'web前端实训','3'),(118,'web前端实训','3'),(119,'web前端实训','3'),(120,'web前端实训','3'),(121,'web前端实训','3'),(122,'web前端实训','3'),(123,'web前端实训','3'),(124,'web前端实训','3'),(125,'web前端实训','3'),(127,'web前端实训','3'),(128,'web前端实训','3'),(129,'web前端实训','3'),(131,'web前端实训','3'),(132,'web前端实训','3'),(133,'web前端实训','3'),(134,'web前端实训','3'),(135,'web前端实训','3'),(136,'web前端实训','3'),(137,'web前端实训','3'),(138,'web前端实训','3'),(139,'web前端实训','3'),(140,'web前端实训','3'),(141,'web前端实训','3'),(142,'web前端实训','3'),(143,'web前端实训','3'),(144,'web前端实训','3'),(145,'web前端实训','3'),(146,'web前端实训','3'),(147,'web前端实训','3'),(148,'web前端实训','3'),(149,'web前端实训','3'),(150,'web前端实训','3'),(151,'web前端实训','3'),(152,'web前端实训','3'),(153,'web前端实训','3'),(154,'web前端实训','3'),(155,'web前端实训','3'),(156,'web前端实训','3'),(157,'web前端实训','3'),(158,'web前端实训','3'),(159,'web前端实训','3'),(160,'web前端实训','3'),(161,'web前端实训','3'),(162,'web前端实训','3'),(163,'web前端实训','3'),(164,'web前端实训','3'),(165,'web前端实训','3'),(166,'web前端实训','3'),(167,'web前端实训','3'),(168,'web前端实训','3'),(169,'web前端实训','3'),(170,'web前端实训','3'),(171,'web前端实训','3'),(172,'web前端实训','3'),(173,'web前端实训','3'),(174,'web前端实训','3'),(175,'web前端实训','3'),(176,'web前端实训','3'),(177,'web前端实训','3'),(178,'web前端实训','3'),(179,'web前端实训','3'),(180,'web前端实训','3'),(181,'web前端实训','3'),(182,'web前端实训','3'),(183,'web前端实训','3'),(184,'web前端实训','3'),(185,'web前端实训','3'),(186,'web前端实训','3'),(187,'web前端实训','3'),(188,'web前端实训','3'),(189,'web前端实训','3'),(190,'web前端实训','3'),(191,'web前端实训','3'),(192,'web前端实训','3'),(193,'web前端实训','3'),(194,'web前端实训','3'),(195,'web前端实训','3'),(196,'web前端实训','3'),(197,'web前端实训','3'),(198,'web前端实训','3'),(199,'web前端实训','3'),(200,'web前端实训','3'),(201,'web前端实训','3'),(202,'web前端实训','3'),(203,'web前端实训','3'),(204,'web前端实训','3'),(205,'web前端实训','3'),(206,'web前端实训','3'),(207,'web前端实训','3'),(208,'web前端实训','3'),(209,'web前端实训','3'),(211,'web前端实训','3'),(216,'web前端实训','3'),(252,NULL,NULL),(253,NULL,NULL),(254,NULL,NULL),(259,NULL,NULL);
/*!40000 ALTER TABLE `score` ENABLE KEYS */;
UNLOCK TABLES;

--
-- Table structure for table `student`
--

DROP TABLE IF EXISTS `student`;
/*!40101 SET @saved_cs_client     = @@character_set_client */;
/*!50503 SET character_set_client = utf8mb4 */;
CREATE TABLE `student` (
  `id` int NOT NULL AUTO_INCREMENT,
  `name` varchar(255) NOT NULL,
  `age` int NOT NULL,
  `sex` varchar(255) NOT NULL,
  `class_no` varchar(255) NOT NULL,
  `ji` varchar(255) NOT NULL,
  `stu_password` varchar(255) DEFAULT NULL,
  PRIMARY KEY (`id`)
) ENGINE=InnoDB AUTO_INCREMENT=260 DEFAULT CHARSET=utf8mb4 COLLATE=utf8mb4_0900_ai_ci;
/*!40101 SET character_set_client = @saved_cs_client */;

--
-- Dumping data for table `student`
--

LOCK TABLES `student` WRITE;
/*!40000 ALTER TABLE `student` DISABLE KEYS */;
INSERT INTO `student` VALUES (1,'小明',18,'男','20app1','河北石家庄','200303'),(2,'小红',18,'女','20app1','河北邢台','200304'),(4,'小刺挠',16,'男','20app1','河北唐山','200306'),(6,'张明',18,'男','20app1','河北邢台',NULL),(7,'张明',17,'男','20app1','河北邢台',NULL),(8,'张高',18,'男','20app1','河北邢台',NULL),(10,'z建国',19,'女','20app2','河北邯郸',NULL),(15,'张二',17,'男','20app2','河北石家庄',NULL),(16,'张三',17,'男','20app2','河北石家庄',NULL),(17,'张四',17,'男','20app2','河北石家庄',NULL),(18,'张五',17,'男','20app2','河北石家庄',NULL),(19,'张六',17,'男','20app2','河北石家庄',NULL),(20,'张日',17,'男','20app2','河北石家庄',NULL),(21,'张一一',17,'男','20app2','河北石家庄',NULL),(22,'张二一',17,'男','20app2','河北石家庄',NULL),(23,'张三一',17,'男','20app2','河北石家庄',NULL),(24,'张四一',17,'男','20app2','河北石家庄',NULL),(25,'张五一',17,'男','20app2','河北石家庄',NULL),(26,'张六一',17,'男','20app2','河北石家庄',NULL),(27,'魏1',18,'男','20VR1','河北南宫',NULL),(28,'魏2',18,'男','20VR1','河北南宫',NULL),(29,'魏3',18,'男','20VR1','河北南宫',NULL),(30,'魏4',18,'男','20VR1','河北南宫',NULL),(31,'魏5',18,'男','20VR1','河北南宫',NULL),(32,'魏6',18,'男','20VR1','河北南宫',NULL),(33,'魏7',18,'男','20VR1','河北南宫',NULL),(34,'魏8',18,'男','20VR1','河北南宫',NULL),(35,'魏9',18,'男','20VR1','河北南宫',NULL),(36,'魏10',18,'男','20VR1','河北南宫',NULL),(37,'魏11',18,'男','20VR1','河北南宫',NULL),(38,'魏12',18,'男','20VR1','河北南宫',NULL),(39,'魏13',18,'男','20VR1','河北南宫',NULL),(40,'卫1',17,'男','20VR2','河北威县',NULL),(41,'卫2',17,'男','20VR2','河北威县',NULL),(42,'卫3',17,'男','20VR2','河北威县',NULL),(43,'卫4',17,'男','20VR2','河北威县',NULL),(44,'卫5',17,'男','20VR2','河北威县',NULL),(45,'卫6',17,'男','20VR2','河北威县',NULL),(46,'卫7',17,'男','20VR2','河北威县',NULL),(47,'卫8',17,'男','20VR2','河北威县',NULL),(48,'卫9',17,'男','20VR2','河北威县',NULL),(49,'卫10',17,'男','20VR2','河北威县',NULL),(50,'卫11',17,'男','20VR2','河北威县',NULL),(51,'卫12',17,'男','20VR2','河北威县',NULL),(52,'卫13',17,'男','20VR2','河北威县',NULL),(53,'安1',18,'男','19app1','河北承德',NULL),(54,'安2',18,'男','19app1','河北承德',NULL),(55,'安3',18,'男','19app1','河北承德',NULL),(56,'安4',18,'男','19app1','河北承德',NULL),(57,'安5',18,'男','19app1','河北承德',NULL),(58,'安6',18,'男','19app1','河北承德',NULL),(59,'安7',18,'男','19app1','河北承德',NULL),(60,'安8',18,'男','19app1','河北承德',NULL),(61,'安9',18,'男','19app1','河北承德',NULL),(62,'安10',18,'男','19app1','河北承德',NULL),(63,'安11',18,'男','19app1','河北承德',NULL),(64,'安12',18,'男','19app1','河北承德',NULL),(65,'安13',18,'男','19app1','河北承德',NULL),(66,'艾1',19,'男','19app2','河北邢台',NULL),(67,'艾2',19,'男','19app2','河北邢台',NULL),(68,'艾3',19,'男','19app2','河北邢台',NULL),(69,'艾4',19,'男','19app2','河北邢台',NULL),(70,'艾5',19,'男','19app2','河北邢台',NULL),(71,'艾6',19,'男','19app2','河北邢台',NULL),(72,'艾7',19,'男','19app2','河北邢台',NULL),(73,'艾8',19,'男','19app2','河北邢台',NULL),(74,'艾9',19,'男','19app2','河北邢台',NULL),(75,'艾10',19,'男','19app2','河北邢台',NULL),(76,'艾11',19,'男','19app2','河北邢台',NULL),(77,'艾12',19,'男','19app2','河北邢台',NULL),(78,'艾13',19,'男','19app2','河北邢台',NULL),(79,'瓦1',20,'女','19VR1','河北邢台',NULL),(80,'瓦2',20,'女','19VR1','河北秦皇岛',NULL),(81,'瓦3',20,'女','19VR1','河北秦皇岛',NULL),(82,'瓦4',20,'女','19VR1','河北秦皇岛',NULL),(83,'瓦5',20,'女','19VR1','河北秦皇岛',NULL),(84,'瓦6',20,'女','19VR1','河北秦皇岛',NULL),(85,'瓦7',20,'女','19VR1','河北秦皇岛',NULL),(86,'瓦8',20,'女','19VR1','河北秦皇岛',NULL),(87,'瓦9',20,'女','19VR1','河北秦皇岛',NULL),(88,'瓦10',20,'女','19VR1','河北秦皇岛',NULL),(89,'瓦11',20,'女','19VR1','河北秦皇岛',NULL),(90,'瓦12',20,'女','19VR1','河北秦皇岛',NULL),(91,'瓦13',20,'女','19VR1','河北秦皇岛',NULL),(92,'埃1',17,'男','19app1','河北石家庄',NULL),(93,'埃2',17,'男','19VR2','河北石家庄',NULL),(94,'埃3',17,'男','19VR2','河北石家庄',NULL),(95,'埃4',17,'男','19VR2','河北石家庄',NULL),(96,'埃5',17,'男','19VR2','河北石家庄',NULL),(97,'埃6',17,'男','19VR2','河北石家庄',NULL),(98,'埃7',17,'男','19VR2','河北石家庄',NULL),(99,'埃8',17,'男','19VR2','河北石家庄',NULL),(100,'埃9',17,'男','19VR2','河北石家庄',NULL),(101,'埃10',17,'男','19VR2','河北石家庄',NULL),(102,'埃11',17,'男','19VR2','河北石家庄',NULL),(103,'埃12',17,'男','19VR2','河北石家庄',NULL),(104,'埃13',17,'男','19VR2','河北石家庄',NULL),(105,'赛1',18,'男','18app1','河北保定',NULL),(106,'赛2',18,'男','18app1','河北保定',NULL),(107,'赛3',18,'男','18app1','河北保定',NULL),(108,'赛4',18,'男','18app1','河北保定',NULL),(109,'赛5',18,'男','18app1','河北保定',NULL),(110,'赛6',18,'男','18app1','河北保定',NULL),(111,'赛7',18,'男','18app1','河北保定',NULL),(112,'赛8',18,'男','18app1','河北保定',NULL),(113,'赛9',18,'男','18app1','河北保定',NULL),(114,'赛10',18,'男','18app1','河北保定',NULL),(115,'赛11',18,'男','18app1','河北保定',NULL),(116,'赛12',18,'男','18app1','河北保定',NULL),(117,'赛13',18,'男','18app1','河北保定',NULL),(118,'褚1',18,'男','18app2','河北冀州',NULL),(119,'褚2',18,'男','18app2','河北冀州',NULL),(120,'褚3',18,'男','18app2','河北冀州',NULL),(121,'褚4',18,'男','18app2','河北冀州',NULL),(122,'褚5',18,'男','18app2','河北冀州',NULL),(123,'褚6',18,'男','18app2','河北冀州',NULL),(124,'褚7',18,'男','18app2','河北冀州',NULL),(125,'褚8',18,'男','18app2','河北冀州',NULL),(127,'褚10',18,'男','18app2','河北冀州',NULL),(128,'褚11',18,'男','18app2','河北冀州',NULL),(129,'褚12',18,'男','18app2','河北冀州',NULL),(131,'韦1',19,'男','18VR1','北京东城',NULL),(132,'韦2',19,'男','18VR1','北京东城',NULL),(133,'韦3',19,'男','18VR1','北京东城',NULL),(134,'韦4',19,'男','18VR1','北京东城',NULL),(135,'韦5',19,'男','18VR1','北京东城',NULL),(136,'韦6',19,'男','18VR1','北京东城',NULL),(137,'韦7',19,'男','18VR1','北京东城',NULL),(138,'韦8',19,'男','18VR1','北京东城',NULL),(139,'韦9',19,'男','18VR1','北京东城',NULL),(140,'韦10',19,'男','18VR1','北京东城',NULL),(141,'韦11',19,'男','18VR1','北京东城',NULL),(142,'韦12',19,'男','18VR1','北京东城',NULL),(143,'韦13',19,'男','18VR1','北京东城',NULL),(144,'威1',16,'男','18VR2','北京大兴',NULL),(145,'威2',16,'男','18VR2','北京大兴',NULL),(146,'威3',16,'男','18VR2','北京大兴',NULL),(147,'威4',16,'男','18VR2','北京大兴',NULL),(148,'威5',16,'男','18VR2','北京大兴',NULL),(149,'威6',16,'男','18VR2','北京大兴',NULL),(150,'威7',16,'男','18VR2','北京大兴',NULL),(151,'威8',16,'男','18VR2','北京大兴',NULL),(152,'威9',16,'男','18VR2','北京大兴',NULL),(153,'威10',16,'男','18VR2','北京大兴',NULL),(154,'威11',16,'男','18VR2','北京大兴',NULL),(155,'威12',16,'男','18VR2','北京大兴',NULL),(156,'威13',16,'男','18VR2','北京大兴',NULL),(157,'洽1',17,'男','17app1','北京石景山',NULL),(158,'洽2',17,'男','17app1','北京石景山',NULL),(159,'洽3',17,'男','17app1','北京石景山',NULL),(160,'洽4',17,'男','17app1','北京石景山',NULL),(161,'洽5',17,'男','17app1','北京石景山',NULL),(162,'洽6',17,'男','17app1','北京石景山',NULL),(163,'洽7',17,'男','17app1','北京石景山',NULL),(164,'洽8',17,'男','17app1','北京石景山',NULL),(165,'洽9',17,'男','17app1','北京石景山',NULL),(166,'洽10',17,'男','17app1','北京石景山',NULL),(167,'洽11',17,'男','17app1','北京石景山',NULL),(168,'洽12',17,'男','17app1','北京石景山',NULL),(169,'洽13',17,'男','17app1','北京石景山',NULL),(170,'卡1',18,'男','17app2','北京朝阳',NULL),(171,'卡2',18,'男','17app2','北京朝阳',NULL),(172,'卡3',18,'男','17app2','北京朝阳',NULL),(173,'卡4',18,'男','17app2','北京朝阳',NULL),(174,'卡5',18,'男','17app2','北京朝阳',NULL),(175,'卡6',18,'男','17app2','北京朝阳',NULL),(176,'卡7',18,'男','17app2','北京朝阳',NULL),(177,'卡8',18,'男','17app2','北京朝阳',NULL),(178,'卡9',18,'男','17app2','北京朝阳',NULL),(179,'卡10',18,'男','17app2','北京朝阳',NULL),(180,'卡11',18,'男','17app2','北京朝阳',NULL),(181,'卡12',18,'男','17app2','北京朝阳',NULL),(182,'卡13',18,'男','17app2','北京朝阳',NULL),(183,'娃1',16,'男','17VR1','北京昌平',NULL),(184,'娃2',16,'男','17VR1','北京昌平',NULL),(185,'娃3',16,'男','17VR1','北京昌平',NULL),(186,'娃4',16,'男','17VR1','北京昌平',NULL),(187,'娃5',16,'男','17VR1','北京昌平',NULL),(188,'娃6',16,'男','17VR1','北京昌平',NULL),(189,'娃7',16,'男','17VR1','北京昌平',NULL),(190,'娃8',16,'男','17VR1','北京昌平',NULL),(191,'娃9',16,'男','17VR1','北京昌平',NULL),(192,'娃10',16,'男','17VR1','北京昌平',NULL),(193,'娃11',16,'男','17VR1','北京昌平',NULL),(194,'娃12',16,'男','17VR1','北京昌平',NULL),(195,'娃13',16,'男','17VR1','北京昌平',NULL),(196,'阮1',19,'男','17VR2','北京房山',NULL),(197,'阮2',19,'男','17VR2','北京房山',NULL),(198,'阮3',19,'男','17VR2','北京房山',NULL),(199,'阮4',19,'男','17VR2','北京房山',NULL),(200,'阮5',19,'男','17VR2','北京房山',NULL),(201,'阮6',19,'男','17VR2','北京房山',NULL),(202,'阮7',19,'男','17VR2','北京房山',NULL),(203,'阮8',19,'男','17VR2','北京房山',NULL),(204,'阮9',19,'男','17VR2','北京房山',NULL),(205,'阮10',19,'男','17VR2','北京房山',NULL),(206,'阮11',19,'男','17VR2','北京房山',NULL),(207,'阮12',19,'男','17VR2','北京房山',NULL),(208,'阮13',19,'男','17VR2','北京房山',NULL),(209,'小耿',17,'男','19app1','河北邢台',NULL),(211,'小二',17,'男','19app1','河北石家庄',NULL),(216,'小三',18,'男','20app1','河北',NULL),(252,'小丁',18,'男','20app1','河北邢台',NULL),(253,'小丁',18,'男','20app1','河北石家庄',NULL),(254,'小明明',17,'女','20app1','河北石家庄',NULL),(259,'小佳毅',29,'男','20app1','河北邯郸',NULL);
/*!40000 ALTER TABLE `student` ENABLE KEYS */;
UNLOCK TABLES;

--
-- Table structure for table `teacher`
--

DROP TABLE IF EXISTS `teacher`;
/*!40101 SET @saved_cs_client     = @@character_set_client */;
/*!50503 SET character_set_client = utf8mb4 */;
CREATE TABLE `teacher` (
  `teacher_name` varchar(255) NOT NULL,
  `teacher_password` varchar(255) NOT NULL
) ENGINE=InnoDB DEFAULT CHARSET=utf8mb4 COLLATE=utf8mb4_0900_ai_ci;
/*!40101 SET character_set_client = @saved_cs_client */;

--
-- Dumping data for table `teacher`
--

LOCK TABLES `teacher` WRITE;
/*!40000 ALTER TABLE `teacher` DISABLE KEYS */;
INSERT INTO `teacher` VALUES ('root','root');
/*!40000 ALTER TABLE `teacher` ENABLE KEYS */;
UNLOCK TABLES;
/*!40103 SET TIME_ZONE=@OLD_TIME_ZONE */;

/*!40101 SET SQL_MODE=@OLD_SQL_MODE */;
/*!40014 SET FOREIGN_KEY_CHECKS=@OLD_FOREIGN_KEY_CHECKS */;
/*!40014 SET UNIQUE_CHECKS=@OLD_UNIQUE_CHECKS */;
/*!40101 SET CHARACTER_SET_CLIENT=@OLD_CHARACTER_SET_CLIENT */;
/*!40101 SET CHARACTER_SET_RESULTS=@OLD_CHARACTER_SET_RESULTS */;
/*!40101 SET COLLATION_CONNECTION=@OLD_COLLATION_CONNECTION */;
/*!40111 SET SQL_NOTES=@OLD_SQL_NOTES */;

-- Dump completed on 2020-11-05 18:41:15
